Feature name,Priority,Status,Sprint,Starting date,Estimated time,Description,Link
Add Custom Instructions,Must have,In Progress,,,,,
Make design updates to V0 in Cursor,Must have,In Progress,,,,,
Convert to Mobile,Must have,To do,,,,,
Get a custom domain,Must have,To do,,,,,
Improve Add Card UX/UI,Must have,To do,,,,,
Log In button should open to Sign In tab,Must have,To do,,,,,
Log In button should open to Sign In tab,Must have,To do,,,,WhenWhen I use the app [I want to]I want to see the activities of other users and a safe space [So that]To share my feelings and get support,
New User Landing,Must have,To do,,,,WhenWhen I use the app [I want to]I want to see the activities of other users and a safe space [So that]To share my feelings and get support,
Update My Cards Dropdown,Must have,To do,,,,,
Change address to more trustworthy/representative URL,Should have,To do,,,,WhenX [I want to]Y [So that]Z,
Copy Edits,Could have,Backlog,,,,,
,,,,,,,