Feature name,Status,Priority,Sprint,Starting date,Estimated time,Description,Link
Finish a PRD for V0 & V1,Done,Must have,,,,,
Add Custom Instructions,In Progress,Must have,,,,,
Make design updates to V0 in Cursor,In Progress,Must have,,,,,
Convert to Mobile,To do,Must have,,,,,
Get a custom domain,To do,Must have,,,,,
Improve Add Card UX/UI,To do,Must have,,,,,
Log In button should open to Sign In tab,To do,Must have,,,,,
Log In button should open to Sign In tab,To do,Must have,,,,WhenWhen I use the app [I want to]I want to see the activities of other users and a safe space [So that]To share my feelings and get support,
New User Landing,To do,Must have,,,,WhenWhen I use the app [I want to]I want to see the activities of other users and a safe space [So that]To share my feelings and get support,
Update My Cards Dropdown,To do,Must have,,,,,
Change address to more trustworthy/representative URL,To do,Should have,,,,WhenX [I want to]Y [So that]Z,
Copy Edits,Backlog,Could have,,,,,
,,,,,,,