Feature name,Description,Estimated time,Link,Priority,Sprint,Starting date,Status
Change address to more trustworthy/representative URL,WhenX [I want to]Y [So that]Z,,,Should have,,,To do
Log In button should open to Sign In tab,WhenWhen I use the app [I want to]I want to see the activities of other users and a safe space [So that]To share my feelings and get support,,,Must have,,,To do
Update My Cards Dropdown,,,,Must have,,,To do
New User Landing,WhenWhen I use the app [I want to]I want to see the activities of other users and a safe space [So that]To share my feelings and get support,,,Must have,,,To do
Log In button should open to Sign In tab,,,,Must have,,,To do
Improve Add Card UX/UI,,,,Must have,,,To do
Convert to Mobile,,,,Must have,,,To do
Copy Edits,,,,Could have,,,Backlog
Add Custom Instructions,,,,Must have,,,In Progress
Finish a PRD for V0 & V1,,,,Must have,,,Done
Make design updates to V0 in Cursor,,,,Must have,,,In Progress
Get a custom domain,,,,Must have,,,To do
,,,,,,,